Company,Overall Risk Level,Risk Types,Overall Opportunity Level,Opportunity Types,Risk Summary,Opportunity Summary
Pop Mart,Medium,"['Regulatory', 'Reputational', 'Market']",High,"['Market Expansion', 'Product Launch', 'Innovation']","Pop Mart faces a medium level of risk primarily due to regulatory changes affecting the collectibles market, potential reputational damage from over-reliance on trends, and market volatility impacting consumer preferences. These factors could influence the company's resilience and ability to navigate challenges.","The company presents a high opportunity level driven by its ongoing market expansion initiatives, successful product launches, and innovative approaches to engaging consumers. These elements position Pop Mart well for growth within the collectibles sector, leveraging new consumer demographics and trends."
Zhenyu Technology,Medium,"['Regulatory', 'Operational', 'Market']",High,"['Market Expansion', 'Innovation', 'Strategic Partnership']","Zhenyu Technology faces medium-level risks primarily stemming from regulatory scrutiny and operational challenges that may impact its market strategies. Additionally, the volatile nature of the tech market poses potential risks to its growth sustainability.","Despite the risks, Zhenyu Technology shows high potential for growth through market expansion opportunities and innovative product offerings. Strategic partnerships also present avenues for enhancing its market position and improving financial performance."
Linklogis Inc.,Medium,"['Regulatory', 'Operational', 'Market']",Medium,"['Market Expansion', 'Strategic Partnership', 'Innovation']","Linklogis Inc. faces medium-level risks primarily due to regulatory scrutiny and operational challenges in a rapidly evolving financial landscape. Additionally, market volatility poses a threat to its business model in a competitive environment.","Despite the risks, Linklogis Inc. has significant opportunities for market expansion, particularly in leveraging strategic partnerships and innovating within their service offerings, which could enhance their competitive position and drive growth."
SMI Semiconductor,Medium,"['Regulatory', 'Geopolitical', 'Market']",High,"['Product Launch', 'Market Expansion', 'Innovation']","SMI Semiconductor faces medium-level risks primarily stemming from regulatory pressures and geopolitical tensions that could impact its operational capacity and market access. The semiconductor industry is also subject to rapid technological changes, potentially creating vulnerabilities if the company fails to adapt swiftly.","Conversely, SMI Semiconductor is poised for significant growth as it undertakes new product launches and explores market expansion opportunities, particularly in emerging technology sectors. The company's commitment to innovation positions it well to capitalize on the increasing demand for advanced semiconductor solutions."
Montage Technology,Medium,"['Regulatory', 'Geopolitical', 'Market']",High,"['Market Expansion', 'Innovation', 'Strategic Partnership']","Montage Technology faces multiple risks, particularly from regulatory scrutiny and geopolitical tensions that could impact its operations and market access. Additionally, fluctuations in market demand add an extra layer of uncertainty, warranting close monitoring.","Despite these challenges, Montage Technology is well-positioned for growth, particularly through potential market expansion and innovative product offerings. Strategic partnerships may further enhance its competitive edge and drive financial performance."
Chinasoft International,Medium,"['Regulatory', 'Geopolitical', 'Market']",Medium,"['Market Expansion', 'Strategic Partnership', 'Innovation']","Chinasoft International faces medium risks primarily driven by regulatory scrutiny and geopolitical tensions, particularly given its operations within the frameworks of Chinese policies and international relations. The competitive market landscape also poses challenges as domestic and international players strive for market share.","Despite the risks, Chinasoft International has opportunities for medium growth through market expansion in overseas territories, potential strategic partnerships with global tech firms, and leveraging innovation in its services to enhance its competitive edge."
NeuShen Therapeutics,Medium,"['Regulatory', 'Reputational', 'Operational']",High,"['Product Launch', 'Market Expansion', 'Innovation']",NeuShen Therapeutics faces medium-level risks primarily due to regulatory scrutiny related to its clinical trials and potential reputational challenges stemming from any setbacks in product development. Operational challenges may also arise as the company scales its production capabilities.,"The company is well-positioned for substantial growth, particularly through upcoming product launches and entering new markets. Its focus on innovation in therapeutic solutions presents a significant opportunity to capture market share and enhance financial performance."
Sirio Pharma,Medium,"['Regulatory', 'Operational', 'Market']",Medium,"['Market Expansion', 'Innovation', 'Strategic Partnership']","Sirio Pharma faces medium-level risks primarily stemming from regulatory challenges, operational hurdles, and market fluctuations, particularly in the competitive landscape of the pharmaceutical industry. Increased scrutiny from regulators and potential operational inefficiencies could impact the company's ability to sustain growth.","The company has noteworthy opportunities for market expansion and innovation, particularly in the development of new products and the potential for strategic partnerships. These avenues could enhance its market presence and improve financial performance as it adapts to evolving consumer needs and industry trends."
MooMoo,Medium,"['Regulatory', 'Reputational', 'Market']",High,"['Market Expansion', 'Product Launch', 'Strategic Partnership']","MooMoo faces a medium risk level primarily due to regulatory scrutiny, particularly around financial compliance and user data protection. Additionally, there are reputational concerns tied to customer service and market competition, which could impact customer loyalty.","The company is well-positioned for high growth opportunities through market expansion into new regions, innovative product launches that leverage advanced technology, and potential strategic partnerships that could enhance its service offerings and customer base."
泡泡玛特,Medium,"['Regulatory', 'Reputational', 'Market']",High,"['Market Expansion', 'Product Launch', 'Innovation']",泡泡玛特 faces medium-level risks primarily related to regulatory scrutiny and potential reputational damage due to market volatility and trends. The company must navigate these challenges to maintain its market presence and consumer trust.,"Significant growth opportunities are present for 泡泡玛特, particularly in market expansion and innovative product launches that cater to evolving consumer preferences. The company's strategic focus on innovation positions it well for future growth in a competitive landscape."
MicroPort CardioFlow,Medium,"['Regulatory', 'Operational', 'Market']",Medium,"['Product Launch', 'Market Expansion', 'Innovation']",MicroPort CardioFlow faces medium-level risks primarily stemming from regulatory hurdles and operational challenges associated with clinical trials and market entry. The rapidly evolving healthcare regulatory landscape poses uncertainties that could impact timelines and costs.,"Despite the risks, the company presents significant growth opportunities through the launch of innovative cardiovascular devices and potential market expansion into emerging economies, which are increasingly prioritizing advanced healthcare solutions."
先正达集团,Medium,"['Regulatory', 'Geopolitical', 'Market']",High,"['Market Expansion', 'Innovation', 'Policy Support']","The company faces medium-level risks primarily due to regulatory challenges and geopolitical tensions that could impact its operations and market access. Additionally, fluctuations in global market demands pose a risk to its revenue stability.","Conversely, there are significant opportunities for 先正达集团 in market expansion, particularly in emerging economies, alongside innovation in product development. Supportive agricultural policies in various regions also present favorable conditions for growth."
